I_real,I_est,I_prob,Calc_time,R
5,0,[ 0.31861981  0.1162532   0.1162532   0.1162532   0.1162532   0.21636739],0.525298833847,1
5,5,[ 0.25709423  0.11547522  0.11547522  0.11547522  0.11547522  0.28100489],0.294040203094,0
1,1,[ 0.14764871  0.27368078  0.11143302  0.11143302  0.11143302  0.24437146],0.395205974579,1
0,0,[ 0.25482985  0.15229511  0.13277719  0.13277719  0.13277719  0.19454348],0.322293996811,1
0,0,[ 0.24653965  0.15398943  0.13425437  0.13425437  0.13425437  0.19670782],0.233055114746,0
