I_real,I_est,I_prob,Calc_time,R
1,1,[ 0.00252648  0.44610859  0.13784123  0.13784123  0.13784123  0.13784123],0.461533784866,1
1,1,[ 0.03283545  0.31083329  0.16408281  0.16408281  0.16408281  0.16408281],0.25901222229,0
0,0,[ 0.04272722  0.2083795   0.18722332  0.18722332  0.18722332  0.18722332],0.369505882263,1
