I_real,I_est,I_prob,Calc_time,R
2,2,[ 0.12191978  0.13309789  0.34568867  0.13309789  0.13309789  0.13309789],0.620312929153,1
2,2,[ 0.0733861   0.16901182  0.25056661  0.16901182  0.16901182  0.16901182],0.271244049072,0
0,0,[ 0.06873254  0.17397853  0.23535336  0.17397853  0.17397853  0.17397853],0.313536882401,1
1,1,[ 0.03929713  0.33080994  0.17634815  0.1511816   0.1511816   0.1511816 ],0.351853132248,1
2,2,[ 0.28906251  0.14212499  0.30453003  0.08809416  0.08809416  0.08809416],0.255887985229,0
0,0,[ 0.32908311  0.29907641  0.24145462  0.04346195  0.04346195  0.04346195],0.221717834473,0
