I_real,I_est,I_prob,Calc_time,R
3,3,[ 0.09023443  0.16054239  0.16054239  0.26759602  0.16054239  0.16054239],0.584619045258,1
3,3,[ 0.07401851  0.1581508   0.1581508   0.2933783   0.1581508   0.1581508 ],0.331614971161,0
0,0,[ 0.07783514  0.16935769  0.16935769  0.24473409  0.16935769  0.16935769],0.41943192482,1
1,1,[ 0.04028298  0.29341844  0.13409352  0.26401802  0.13409352  0.13409352],0.364320039749,1
