I_real,I_est,I_prob,Calc_time,R
4,0,"[1.8515735233885836e-05, 0.28731405485551442, 0.29294915020706608, 0.23162908085589237, 0.1880891983462932]",1.0554318428,1
