I_real,I_est,I_prob,Calc_time,R
4,4,[ 0.22134518  0.12884354  0.12884354  0.12884354  0.26328067  0.12884354],0.429926156998,1
0,0,[ 0.24658738  0.14193922  0.14193922  0.14193922  0.18565574  0.14193922],0.341115951538,1
1,1,[ 0.16470944  0.26266151  0.10694637  0.10694637  0.25178995  0.10694637],0.405788898468,1
