I_real,I_est,I_prob,Calc_time,R
0,0,[ 0.06317989  0.18736402  0.18736402  0.18736402  0.18736402  0.18736402],0.417193889618,1
